my_query,gold_answer,context_passage
What caused WWI?,Assassination of Archduke Franz Ferdinand,World War I began in 1914 following the assassination of Archduke Franz Ferdinand of Austria-Hungary in Sarajevo. This triggered a chain of alliances leading to a global conflict.
What is photosynthesis?,Process plants use to make food from sunlight,Plants convert CO2 and water into glucose using sunlight through a process called photosynthesis. This occurs in the chloroplasts of plant cells.
What is the capital of France?,Paris,France is a country in Western Europe. Its capital and largest city is Paris located in the north of the country along the Seine river.
Who invented the telephone?,Alexander Graham Bell,The telephone was invented by Alexander Graham Bell in 1876. Bell received the first patent for an electrical voice transmission device and made the first successful telephone call.
What is the boiling point of water?,100 degrees Celsius,Water boils at 100 degrees Celsius or 212 degrees Fahrenheit at standard atmospheric pressure. The boiling point decreases at higher altitudes where pressure is lower.
Who wrote Romeo and Juliet?,William Shakespeare,Romeo and Juliet is a tragedy written by William Shakespeare around 1594-1596. It tells the story of two young star-crossed lovers from feuding families in Verona.
What is the speed of light?,299792458 meters per second,Light travels at approximately 299792458 meters per second in a vacuum. This fundamental constant is denoted by the letter c and plays a key role in Einstein's theory of relativity.
What is the largest planet in the solar system?,Jupiter,Jupiter is the largest planet in our solar system with a mass more than twice that of all other planets combined. It is a gas giant composed mainly of hydrogen and helium.
Who painted the Mona Lisa?,Leonardo da Vinci,The Mona Lisa is a half-length portrait painting by the Italian Renaissance artist Leonardo da Vinci. It was created between 1503 and 1519 and is housed in the Louvre Museum in Paris.
What is the chemical formula for water?,H2O,Water is a molecule composed of two hydrogen atoms and one oxygen atom giving it the chemical formula H2O. It is essential for all known forms of life on Earth.
What year did World War II end?,1945,World War II ended in 1945 with the surrender of Nazi Germany in May and Imperial Japan in September. The war was the deadliest conflict in human history.
What is the tallest mountain in the world?,Mount Everest,Mount Everest located in the Himalayas on the border between Nepal and Tibet is the tallest mountain in the world with a peak at 8848 meters above sea level.
Who discovered gravity?,Isaac Newton,Isaac Newton formulated the law of universal gravitation in 1687 after observing an apple falling from a tree. His work explained why objects fall and how planets orbit the sun.
What is the powerhouse of the cell?,Mitochondria,The mitochondria are organelles found in eukaryotic cells that generate most of the cell's energy in the form of ATP. They are often called the powerhouse of the cell.
What is the largest ocean?,Pacific Ocean,The Pacific Ocean is the largest and deepest ocean on Earth covering more than 165 million square kilometers. It spans from the Arctic to the Antarctic and from Asia to the Americas.
Who invented the light bulb?,Thomas Edison,Thomas Edison invented a practical incandescent light bulb in 1879 after extensive experimentation. He developed a high-resistance carbon filament that could burn for many hours.
What is the chemical symbol for gold?,Au,Gold has the chemical symbol Au derived from the Latin word aurum. It is a dense shiny yellow precious metal that has been valued throughout human history.
What year did the French Revolution begin?,1789,The French Revolution began in 1789 with the storming of the Bastille fortress in Paris. It was a period of radical political and societal transformation in France.
Who wrote Pride and Prejudice?,Jane Austen,Pride and Prejudice is a romantic novel by Jane Austen published in 1813. It follows Elizabeth Bennet as she deals with issues of manners upbringing morality and marriage.
What is DNA?,Deoxyribonucleic acid that carries genetic information,DNA or deoxyribonucleic acid is a molecule that carries the genetic instructions used in the growth development and functioning of all known living organisms.
What is the capital of Japan?,Tokyo,Tokyo is the capital and most populous city of Japan. Located on the eastern coast of Honshu island it serves as the political economic and cultural center of Japan.
Who was the first person to walk on the moon?,Neil Armstrong,Neil Armstrong became the first human to walk on the Moon on July 20 1969 during the Apollo 11 mission. His famous words were one small step for man one giant leap for mankind.
What is the atomic number of carbon?,6,Carbon has an atomic number of 6 meaning it has 6 protons in its nucleus. It is the basis of all known life and forms millions of compounds with other elements.
What is the longest river in the world?,Nile,The Nile river in Africa is traditionally considered the longest river in the world at approximately 6650 kilometers. It flows northward through northeastern Africa into the Mediterranean Sea.
Who discovered penicillin?,Alexander Fleming,Alexander Fleming discovered penicillin in 1928 when he noticed that mold had contaminated one of his petri dishes and was killing the surrounding bacteria. This led to the development of antibiotics.
What is the capital of Australia?,Canberra,Canberra is the capital city of Australia. Unlike many countries the capital is not the largest city with Sydney and Melbourne both larger. Canberra was purpose-built as a compromise between these rival cities.
What is the hardest natural substance?,Diamond,Diamond is the hardest natural substance on Earth scoring 10 on the Mohs scale of mineral hardness. It is a form of carbon where the atoms are arranged in a crystal structure called diamond cubic.
Who wrote 1984?,George Orwell,1984 is a dystopian novel written by English author George Orwell published in 1949. It depicts a totalitarian society ruled by Big Brother where independent thinking is a crime called thoughtcrime.
What is the square root of 144?,12,The square root of 144 is 12 because 12 multiplied by 12 equals 144. The square root operation finds a number which when multiplied by itself gives the original number.
What is the capital of Germany?,Berlin,Berlin is the capital and largest city of Germany. Located in northeastern Germany it has been the German capital since the country's reunification in 1990 after decades of division.
What causes earthquakes?,Movement of tectonic plates,Earthquakes are caused by the sudden movement of tectonic plates in the Earth's crust. When stress built up along fault lines is released it creates seismic waves that shake the ground.
What is osmosis?,Movement of water through a semipermeable membrane,Osmosis is the movement of water molecules through a semipermeable membrane from an area of lower solute concentration to an area of higher solute concentration.
Who invented the internet?,Tim Berners-Lee,Tim Berners-Lee invented the World Wide Web in 1989 while working at CERN. He proposed an information management system using hypertext to share information across a global network.
What is the capital of Brazil?,Brasilia,Brasilia is the capital of Brazil located in the Federal District in the center-west of the country. It was purpose-built as the new capital and inaugurated in 1960 replacing Rio de Janeiro.
What is mitosis?,Cell division producing two identical daughter cells,Mitosis is the process of cell division in which a single cell divides into two genetically identical daughter cells. It is essential for growth repair and asexual reproduction.
What is the chemical symbol for iron?,Fe,Iron has the chemical symbol Fe derived from the Latin ferrum. It is a metal and the most common element on Earth by mass forming much of Earth's outer and inner core.
Who wrote The Great Gatsby?,F. Scott Fitzgerald,The Great Gatsby is a novel by American author F. Scott Fitzgerald published in 1925. Set in the Jazz Age it tells the story of Jay Gatsby's obsession with Daisy Buchanan.
What is Newton's first law?,An object at rest stays at rest unless acted upon by an external force,Newton's first law of motion states that an object at rest stays at rest and an object in motion stays in motion unless acted upon by a net external force.
What is the capital of India?,New Delhi,New Delhi is the capital of India and a part of the National Capital Territory of Delhi. It serves as the seat of all three branches of the Government of India.
What is the distance from Earth to the Moon?,384400 kilometers,The average distance from Earth to the Moon is approximately 384400 kilometers. This distance varies because the Moon's orbit around Earth is elliptical not perfectly circular.
Who wrote War and Peace?,Leo Tolstoy,War and Peace is a novel by Russian author Leo Tolstoy first published in 1869. It tells the story of five aristocratic families during the Napoleonic Wars and is one of the longest novels ever written.
What is the greenhouse effect?,Warming of Earth caused by trapped heat in the atmosphere,The greenhouse effect is the process by which radiation from the sun is absorbed by greenhouse gases in Earth's atmosphere and re-emitted in all directions warming the planet's surface.
What is the capital of China?,Beijing,Beijing is the capital of the People's Republic of China. It is the nation's political and cultural center and home to the headquarters of most of China's largest state-owned companies.
What is Darwinism?,Theory of evolution by natural selection,Darwinism refers to Charles Darwin's theory of biological evolution through natural selection. The theory states that organisms better adapted to their environment tend to survive and produce more offspring.
What is the chemical formula for table salt?,NaCl,Table salt has the chemical formula NaCl meaning it is composed of sodium and chloride ions. It forms when sodium and chlorine atoms combine in a one-to-one ratio.
Who invented dynamite?,Alfred Nobel,Alfred Nobel invented dynamite in 1867 by mixing nitroglycerin with diatomite. He held 355 patents and used his fortune to establish the Nobel Prizes awarded annually for outstanding contributions to humanity.
What is the capital of Russia?,Moscow,Moscow is the capital and most populous city of Russia. Located on the Moskva River in western Russia it is the political financial and cultural center of the country.
What is photovoltaic energy?,Energy generated from sunlight using solar cells,Photovoltaic energy is electricity generated by converting sunlight into electrical energy using solar cells made of semiconductor materials such as silicon. It is a form of renewable energy.
Who wrote Don Quixote?,Miguel de Cervantes,Don Quixote is a Spanish novel by Miguel de Cervantes published in two parts in 1605 and 1615. It is widely considered the first modern novel and one of the greatest works of literature ever written.
What is the capital of South Korea?,Seoul,Seoul is the capital and largest metropolis of South Korea. Located in the northwest of the Korean Peninsula it is a major financial and cultural hub of Asia.
What is natural selection?,Survival and reproduction of organisms best suited to environment,Natural selection is the mechanism of evolution described by Charles Darwin. Organisms with traits better suited to their environment tend to survive and reproduce more successfully than others.
What is the chemical symbol for silver?,Ag,Silver has the chemical symbol Ag from the Latin argentum. It is a shining white precious metal that has been used for currency jewelry and utensils throughout history.
Who discovered X-rays?,Wilhelm Roentgen,Wilhelm Roentgen discovered X-rays in 1895 while experimenting with cathode ray tubes. He noticed that the rays could penetrate solid objects and create images of bones on photographic plates.
What is the capital of Egypt?,Cairo,Cairo is the capital and largest city of Egypt. Located near the Nile Delta it is one of the oldest cities in the world and the largest city in the Arab world.
What is plate tectonics?,Theory describing movement of Earth's lithospheric plates,Plate tectonics is the scientific theory that Earth's lithosphere is divided into large plates that move and interact with each other. This movement causes earthquakes volcanoes and the formation of mountains.
Who wrote Crime and Punishment?,Fyodor Dostoevsky,Crime and Punishment is a novel by Russian author Fyodor Dostoevsky published in 1866. It follows the story of Raskolnikov a student who commits murder and struggles with guilt and redemption.
What is the capital of Mexico?,Mexico City,Mexico City is the capital of Mexico and the most populous city in North America. Located in the Valley of Mexico it has been a major city since the time of the Aztec Empire.
What is absolute zero?,Lowest possible temperature at minus 273.15 Celsius,Absolute zero is the lowest limit of thermodynamic temperature equal to minus 273.15 degrees Celsius or zero Kelvin. At this temperature particles have minimum thermal motion.
Who invented the printing press?,Johannes Gutenberg,Johannes Gutenberg invented the movable type printing press in Europe around 1440. His invention revolutionized the production of books and contributed to the spread of knowledge during the Renaissance.
What is the capital of Argentina?,Buenos Aires,Buenos Aires is the capital and largest city of Argentina. Located on the western shore of the Rio de la Plata it is the economic and cultural center of Argentina.
What is radioactivity?,Spontaneous emission of radiation from unstable atomic nuclei,Radioactivity is the spontaneous emission of radiation from unstable atomic nuclei as they decay into more stable forms. Types include alpha beta and gamma radiation.
Who wrote The Divine Comedy?,Dante Alighieri,The Divine Comedy is a long narrative poem written by Italian poet Dante Alighieri between 1308 and 1320. It describes Dante's journey through Hell Purgatory and Paradise in three parts called canticles.
What is the capital of Spain?,Madrid,Madrid is the capital and most populous city of Spain. Located in the center of the Iberian Peninsula it is the political economic and cultural center of Spain.
What is quantum mechanics?,Branch of physics dealing with behavior of particles at atomic scale,Quantum mechanics is a fundamental theory in physics that provides a description of the physical properties of nature at the atomic and subatomic scale. It differs dramatically from classical physics.
Who wrote Les Misérables?,Victor Hugo,Les Misérables is a historical novel by French author Victor Hugo published in 1862. Set in 19th century France it follows ex-convict Jean Valjean and his redemption while being pursued by police inspector Javert.
What is the capital of Italy?,Rome,Rome is the capital and largest city of Italy. Located in the central-western portion of the Italian Peninsula it is an ancient city and was the center of the Roman Empire.
What is DNA replication?,Process of copying DNA before cell division,DNA replication is the biological process of producing two identical copies of DNA from one original DNA molecule. It occurs before cell division to ensure each daughter cell receives a complete genome.
Who wrote The Brothers Karamazov?,Fyodor Dostoevsky,The Brothers Karamazov is the final novel by Russian author Fyodor Dostoevsky published in 1879-1880. It addresses questions of God morality and free will through the story of the Karamazov family.
What is the capital of Portugal?,Lisbon,Lisbon is the capital and largest city of Portugal. Located at the mouth of the Tagus River it is one of the oldest cities in Europe with a history stretching back over 3000 years.
What is the law of conservation of energy?,Energy cannot be created or destroyed only transformed,The law of conservation of energy states that the total energy of an isolated system remains constant. Energy can be converted from one form to another but cannot be created or destroyed.
Who wrote Moby Dick?,Herman Melville,Moby Dick is a novel by American author Herman Melville published in 1851. It tells the story of Captain Ahab's obsessive quest to hunt the white sperm whale that had bitten off his leg.
What is the capital of Greece?,Athens,Athens is the capital and largest city of Greece. One of the world's oldest cities it was the center of ancient Greek civilization and is often called the birthplace of democracy.
What is the big bang theory?,Theory that the universe began from a single point about 13.8 billion years ago,The Big Bang theory is the prevailing cosmological model explaining the origin of the universe. It states that the universe began from an extremely hot dense point approximately 13.8 billion years ago and has been expanding ever since.
Who wrote The Canterbury Tales?,Geoffrey Chaucer,The Canterbury Tales is a collection of 24 stories written in Middle English by Geoffrey Chaucer between 1387 and 1400. It depicts a group of pilgrims traveling to Canterbury who tell stories to pass the time.
What is the capital of Turkey?,Ankara,Ankara is the capital of Turkey. While Istanbul is the largest and most famous city Ankara became the capital in 1923 when Mustafa Kemal Ataturk founded the Republic of Turkey.
What is entropy?,Measure of disorder or randomness in a system,Entropy is a concept in thermodynamics that measures the degree of disorder or randomness in a system. According to the second law of thermodynamics the total entropy of an isolated system always increases over time.
Who wrote Anna Karenina?,Leo Tolstoy,Anna Karenina is a novel by Russian author Leo Tolstoy published in 1877. It tells the story of Anna a married socialite who begins an affair with Count Vronsky leading to tragedy.
What is the capital of Sweden?,Stockholm,Stockholm is the capital and largest city of Sweden. Located on the eastern coast of Sweden where Lake Malaren meets the Baltic Sea it is the cultural political and economic center of Sweden.
What is the placebo effect?,Improvement in condition due to belief in treatment rather than the treatment itself,The placebo effect is a phenomenon where a patient experiences a real improvement in their condition after receiving a treatment with no therapeutic value. The improvement is caused by the patient's belief in the treatment.
Who wrote The Odyssey?,Homer,The Odyssey is an ancient Greek epic poem attributed to Homer. It tells the story of Odysseus's ten-year journey home after the fall of Troy encountering mythological creatures and divine intervention.
What is the capital of Norway?,Oslo,Oslo is the capital and most populous city of Norway. Located at the head of the Oslofjord it serves as Norway's political economic and cultural center.
What is the Coriolis effect?,Deflection of moving objects due to Earth's rotation,The Coriolis effect is the apparent deflection of moving objects such as air or water when they are viewed in a rotating reference frame such as the Earth. It causes winds and ocean currents to curve.
Who wrote The Iliad?,Homer,The Iliad is an ancient Greek epic poem attributed to Homer. It tells the story of the final weeks of the Trojan War focusing on the Greek hero Achilles and his conflict with King Agamemnon.
What is the capital of Denmark?,Copenhagen,Copenhagen is the capital and largest city of Denmark. Located on the eastern coast of the island of Zealand it is a major financial and cultural center of the Nordic countries.
What is RNA?,Ribonucleic acid that carries genetic information from DNA to ribosomes,RNA or ribonucleic acid is a molecule that plays a crucial role in gene expression. It carries genetic information from DNA to the ribosomes where proteins are synthesized.
Who wrote The Count of Monte Cristo?,Alexandre Dumas,The Count of Monte Cristo is an adventure novel by French author Alexandre Dumas published in 1844-1846. It follows Edmond Dantes who seeks revenge on those who unjustly imprisoned him.
What is the capital of Finland?,Helsinki,Helsinki is the capital and largest city of Finland. Located on a peninsula in southern Finland on the shore of the Gulf of Finland it is the northernmost capital city of an EU member state.
What is the water cycle?,Continuous movement of water through evaporation condensation and precipitation,The water cycle also known as the hydrological cycle is the continuous movement of water on above and below the surface of the Earth through processes of evaporation transpiration condensation and precipitation.
Who wrote Frankenstein?,Mary Shelley,Frankenstein is a novel by English author Mary Shelley published in 1818. It tells the story of Victor Frankenstein a scientist who creates a creature through an unorthodox scientific experiment.
What is the capital of Austria?,Vienna,Vienna is the capital and largest city of Austria. Located in the northeast of Austria it is the country's cultural economic and political center and was historically the capital of the Habsburg Empire.
What is the doppler effect?,Change in frequency of a wave relative to a moving observer,The Doppler effect is the change in the frequency of a wave in relation to an observer who is moving relative to the source of the wave. It explains why an ambulance siren sounds higher as it approaches.
Who wrote Oliver Twist?,Charles Dickens,Oliver Twist is a novel by Charles Dickens published between 1837 and 1839. It tells the story of an orphan boy who escapes a workhouse and falls in with a gang of pickpockets in London.
What is the capital of Belgium?,Brussels,Brussels is the capital of Belgium. It is also the de facto capital of the European Union housing key EU institutions. The city is known for its art nouveau architecture and chocolate.
What is black hole?,Region of spacetime where gravity is so strong nothing can escape,A black hole is a region of spacetime where gravity is so strong that nothing not even light or other electromagnetic waves has enough speed to escape. They form when massive stars collapse at the end of their life.
Who wrote The Scarlet Letter?,Nathaniel Hawthorne,The Scarlet Letter is a novel by Nathaniel Hawthorne published in 1850. Set in Puritan New England it tells the story of Hester Prynne who conceives a child through an affair and struggles with guilt.
What is the capital of Netherlands?,Amsterdam,Amsterdam is the capital of the Netherlands though the seat of government is in The Hague. Located at the mouth of the Amstel River it is known for its historic canal system.
What is the theory of relativity?,Einstein's theory describing relationship between space time and gravity,Einstein's theory of relativity consists of special relativity and general relativity. Special relativity states that the laws of physics are the same for all non-accelerating observers and that the speed of light is constant.
Who wrote The Catcher in the Rye?,J.D. Salinger,The Catcher in the Rye is a novel by J.D. Salinger published in 1951. Narrated by the rebellious Holden Caulfield it explores themes of teenage angst identity and alienation from society.
What is the capital of Poland?,Warsaw,Warsaw is the capital and largest city of Poland. Located in east-central Poland on the banks of the Vistula river it is the country's political economic and cultural center.
What is evolution?,Change in heritable characteristics of biological populations over generations,Evolution is the change in heritable characteristics of biological populations over successive generations. These characteristics are the expressions of genes that are passed from parent to offspring during reproduction.
Who wrote To Kill a Mockingbird?,Harper Lee,To Kill a Mockingbird is a novel by Harper Lee published in 1960. Set in the American South during the 1930s it deals with serious issues of racial injustice and the loss of innocence as seen through the eyes of Scout Finch.
What is the capital of Czech Republic?,Prague,Prague is the capital and largest city of the Czech Republic. Located on the Vltava River it is known for its well-preserved medieval architecture including Old Town Square and Prague Castle.
What is CRISPR?,Gene editing technology allowing precise modification of DNA sequences,CRISPR-Cas9 is a revolutionary gene editing technology that allows scientists to make precise changes to the DNA of living organisms. It was adapted from a naturally occurring gene editing system in bacteria.
Who wrote The Lord of the Rings?,J.R.R. Tolkien,The Lord of the Rings is an epic high fantasy novel by English author J.R.R. Tolkien published in three volumes between 1954 and 1955. It tells the story of hobbits elves and other creatures in Middle-earth.
What is the capital of Hungary?,Budapest,Budapest is the capital and largest city of Hungary. Formed in 1873 by the unification of three cities Buda Obuda and Pest it is the country's cultural economic and political center.
What is stem cell?,Undifferentiated cell that can develop into specialized cell types,Stem cells are undifferentiated biological cells that can differentiate into specialized cells and can divide to produce more stem cells. They are found in multicellular organisms and are the foundation for all tissues and organs.
Who wrote Brave New World?,Aldous Huxley,Brave New World is a dystopian novel by English author Aldous Huxley published in 1932. Set in a futuristic World State it depicts a highly stratified society where humans are genetically engineered and conditioned.
What is the capital of Romania?,Bucharest,Bucharest is the capital and largest city of Romania. Located in the southern part of the country it is the country's cultural industrial and financial center.
What is photon?,Elementary particle representing quantum of light,A photon is an elementary particle that is the quantum of the electromagnetic field including electromagnetic radiation such as light. It is the force carrier for the electromagnetic force.
Who wrote The Alchemist?,Paulo Coelho,The Alchemist is a novel by Brazilian author Paulo Coelho published in 1988. It tells the story of Santiago an Andalusian shepherd who dreams of finding treasure and follows his Personal Legend.
What is the capital of Ukraine?,Kyiv,Kyiv is the capital and largest city of Ukraine. Located on the Dnieper River it is one of the oldest cities in Eastern Europe with a history dating back to the 5th century.
What is the immune system?,Body system that protects against disease and infection,The immune system is the body's defense system that protects against disease pathogens and other foreign substances. It consists of biological structures and processes that detect and neutralize threats.
Who wrote One Hundred Years of Solitude?,Gabriel Garcia Marquez,One Hundred Years of Solitude is a landmark novel by Colombian author Gabriel Garcia Marquez published in 1967. It tells the multi-generational story of the Buendia family in the fictional town of Macondo.
What is the capital of Serbia?,Belgrade,Belgrade is the capital and largest city of Serbia. Located at the confluence of the Sava and Danube rivers it has been continuously inhabited for thousands of years making it one of the oldest cities in Europe.
What is semiconductor?,Material with electrical conductivity between conductor and insulator,A semiconductor is a material that has electrical conductivity between that of a conductor and an insulator. Semiconductors are the foundation of modern electronics and are used in transistors and microchips.
Who wrote The Old Man and the Sea?,Ernest Hemingway,The Old Man and the Sea is a short novel by Ernest Hemingway published in 1952. It tells the story of Santiago an aging Cuban fisherman who struggles with a marlin far out in the Gulf Stream.
What is the capital of Bulgaria?,Sofia,Sofia is the capital and largest city of Bulgaria. It is located at the foot of Vitosha Mountain in the western part of the country and is Bulgaria's political economic and cultural center.
What is meiosis?,Cell division that produces reproductive cells with half the usual number of chromosomes,Meiosis is a type of cell division that reduces the number of chromosomes in the parent cell by half and produces four gamete cells. It is essential for sexual reproduction.
Who wrote The Bell Jar?,Sylvia Plath,The Bell Jar is the only novel by American author Sylvia Plath published in 1963. It is a semi-autobiographical novel about a young woman's mental breakdown and institutionalization.
What is the capital of Croatia?,Zagreb,Zagreb is the capital and largest city of Croatia. Located in the northwest of the country it is Croatia's political economic and cultural center.
What is superconductivity?,Phenomenon where material conducts electricity with zero resistance,Superconductivity is a phenomenon where certain materials conduct electricity with zero electrical resistance when cooled below a critical temperature. It was discovered by Heike Kamerlingh Onnes in 1911.
Who wrote The Sound and the Fury?,William Faulkner,The Sound and the Fury is a novel by William Faulkner published in 1929. It tells the story of the decline of the Compson family in the American South using multiple narrators and complex narrative techniques.
What is the capital of Slovakia?,Bratislava,Bratislava is the capital and largest city of Slovakia. Located at the southwestern corner of Slovakia along the Danube river it is the country's political cultural and economic center.
What is nanotechnology?,Technology working at the scale of nanometers,Nanotechnology is the manipulation of matter on an atomic molecular and supramolecular scale typically between 1 and 100 nanometers. It has applications in medicine electronics energy and materials science.
Who wrote The Grapes of Wrath?,John Steinbeck,The Grapes of Wrath is a novel by John Steinbeck published in 1939. Set during the Great Depression it follows the Joad family as they migrate from Oklahoma to California seeking a better life.
What is the capital of Slovenia?,Ljubljana,Ljubljana is the capital and largest city of Slovenia. Located in the center of the country it is Slovenia's political cultural and economic hub.
What is dark matter?,Hypothetical matter that does not interact with electromagnetic radiation,Dark matter is a hypothetical form of matter that does not interact with the electromagnetic force but whose presence can be inferred from its gravitational effects on visible matter and light.
Who wrote Invisible Man?,Ralph Ellison,Invisible Man is a novel by Ralph Ellison published in 1952. It tells the story of an unnamed African American man whose race renders him socially invisible. The novel explores race identity and individuality in America.
What is the capital of Estonia?,Tallinn,Tallinn is the capital and largest city of Estonia. Located on the northern coast of Estonia along the Gulf of Finland it is a well-preserved medieval city and major digital society.
What is biofuel?,Fuel derived from biological materials such as plants or animal waste,Biofuel is a type of fuel whose energy is derived from biological carbon fixation. It includes fuels derived from biomass conversion as well as solid biomass liquid fuels and various biogases.
Who wrote The Trial?,Franz Kafka,The Trial is a novel by Franz Kafka published posthumously in 1925. It tells the story of Josef K who is arrested and prosecuted by a mysterious authority for an unknown crime.
What is the capital of Latvia?,Riga,Riga is the capital and largest city of Latvia. Located on the Baltic Sea it is the largest city in the Baltic states and the country's political economic and cultural center.
What is machine learning?,Field of AI that enables computers to learn from data without explicit programming,Machine learning is a branch of artificial intelligence that gives systems the ability to automatically learn and improve from experience without being explicitly programmed. It focuses on developing computer programs that access data and use it to learn.
Who wrote The Metamorphosis?,Franz Kafka,The Metamorphosis is a short story by Franz Kafka published in 1915. It tells the story of salesman Gregor Samsa who wakes up one morning to find himself transformed into a large insect.
What is the capital of Lithuania?,Vilnius,Vilnius is the capital and largest city of Lithuania. Located in the southeastern part of the country at the confluence of the Neris and Vilnia rivers it is Lithuania's political cultural and financial center.
What is artificial intelligence?,Simulation of human intelligence processes by computer systems,Artificial intelligence is the simulation of human intelligence processes by machine especially computer systems. Specific applications include expert systems natural language processing speech recognition and machine vision.
Who wrote Beloved?,Toni Morrison,Beloved is a novel by Toni Morrison published in 1987. Set after the American Civil War it tells the story of Sethe a former enslaved woman haunted by the ghost of her baby daughter.
What is the capital of Iceland?,Reykjavik,Reykjavik is the capital and largest city of Iceland. Located in southwestern Iceland it is the northernmost capital of a sovereign state in the world.
What is blockchain?,Distributed ledger technology recording transactions across multiple computers,Blockchain is a system of recording information in a way that makes it difficult or impossible to change hack or cheat the system. It is a digital ledger of transactions distributed across an entire network of computer systems.
Who wrote The Color Purple?,Alice Walker,The Color Purple is a novel by Alice Walker published in 1982. Set in the rural American South in the early 20th century it chronicles the difficult life of African American women through letters.
What is the capital of Luxembourg?,Luxembourg City,Luxembourg City is the capital of Luxembourg. Located at the confluence of the Alzette and Petrusse rivers it is an international center hosting key institutions of the European Union.
What is virtual reality?,Computer-generated simulation of a three-dimensional environment,Virtual reality is the use of computer technology to create a simulated environment that users can interact with. Unlike traditional user interfaces VR places the user inside an experience.
Who wrote The Stranger?,Albert Camus,The Stranger also known as The Outsider is a novel by French-Algerian author Albert Camus published in 1942. It follows Meursault an indifferent young man who kills a man on a beach in Algeria.
What is the capital of Malta?,Valletta,Valletta is the capital of Malta. It is the smallest capital city in the European Union and one of the most densely populated cities in Europe. It was built by the Knights of Malta in the 16th century.
What is cloud computing?,Delivery of computing services over the internet,Cloud computing is the delivery of different services through the internet including data storage servers databases networking and software. Cloud-based storage makes it possible to save files to a remote database.
Who wrote The Road?,Cormac McCarthy,The Road is a post-apocalyptic novel by Cormac McCarthy published in 2006. It follows a father and his young son as they travel through a bleak devastated America after an unnamed catastrophe.
What is the capital of Monaco?,Monaco,Monaco is both a city-state and its own capital. It is the second smallest country in the world after Vatican City. Located on the French Riviera it is known for its casino and Grand Prix racing.
What is gene therapy?,Treatment of disease by replacing defective genes with functional ones,Gene therapy is the therapeutic delivery of nucleic acid into a patient's cells as a drug to treat disease. It is used to treat or prevent disease by replacing missing or defective genes.
Who wrote For Whom the Bell Tolls?,Ernest Hemingway,For Whom the Bell Tolls is a novel by Ernest Hemingway published in 1940. Set during the Spanish Civil War it follows Robert Jordan an American fighting with guerrilla forces behind enemy lines.
What is the capital of San Marino?,San Marino,San Marino is both a city and the capital of the Republic of San Marino. It is a landlocked country within Italy and one of the world's oldest republics founded in 301 AD.
What is CRISPR-Cas9?,Gene editing tool that cuts DNA at specific locations,CRISPR-Cas9 is a molecular tool used for editing genomes. It allows researchers to easily alter DNA sequences and modify gene function. The Cas9 enzyme acts as molecular scissors to cut DNA at a specific location.
Who wrote The Sun Also Rises?,Ernest Hemingway,The Sun Also Rises is a novel by Ernest Hemingway published in 1926. It follows a group of American and British expatriates who travel from Paris to Pamplona to watch the running of the bulls.
What is the capital of Andorra?,Andorra la Vella,Andorra la Vella is the capital of Andorra. It is the highest capital city in Europe at approximately 1023 meters above sea level. Andorra is a small principality between France and Spain.
What is photon entanglement?,Quantum phenomenon where two photons share quantum states,Quantum entanglement is a phenomenon where two or more particles become connected in such a way that the quantum state of each particle cannot be described independently. Measuring one particle instantly affects the other.
Who wrote Middlemarch?,George Eliot,Middlemarch is a novel by George Eliot the pen name of Mary Ann Evans published in 1871-1872. Set in a fictional English Midlands town it follows multiple characters and themes of political reform marriage and idealism.
What is the capital of Liechtenstein?,Vaduz,Vaduz is the capital of Liechtenstein. It is a small city of about 5000 residents that serves as the governmental and economic center of this tiny principality between Switzerland and Austria.
What is general relativity?,Einstein's theory describing gravity as curvature of spacetime,General relativity is a theory of gravitation published by Albert Einstein in 1915. It proposes that the gravitational force is a result of mass curving the fabric of spacetime rather than a conventional force.
Who wrote Blood Meridian?,Cormac McCarthy,Blood Meridian is a novel by Cormac McCarthy published in 1985. Set in the 1850s it follows a young man known as the Kid through a series of violent encounters along the Texas-Mexico border.
What is the capital of Vatican City?,Vatican City,Vatican City is both a city-state and its own capital. It is the smallest country in the world by both area and population. It is an independent state within Rome and is the headquarters of the Roman Catholic Church.
What is deep learning?,Subset of machine learning using neural networks with many layers,Deep learning is a subset of machine learning in artificial intelligence that has networks capable of learning unsupervised from data that is unstructured or unlabeled. It uses artificial neural networks with many layers.
Who wrote Midnight's Children?,Salman Rushdie,Midnight's Children is a novel by Salman Rushdie published in 1981. It tells the story of Saleem Sinai who is born at the exact moment of India's independence and has telepathic powers.
What is the capital of Kosovo?,Pristina,Pristina is the capital and largest city of Kosovo. Located in the center of Kosovo it is the country's political economic and cultural hub.
What is GDPR?,European regulation protecting personal data and privacy,The General Data Protection Regulation is a regulation in EU law on data protection and privacy for all individuals within the European Union. It came into effect in May 2018 and imposes strict rules on data handling.
Who wrote The English Patient?,Michael Ondaatje,The English Patient is a novel by Canadian author Michael Ondaatje published in 1992. Set at the end of World War II it follows four damaged people sheltering in an Italian villa.
What is the capital of Montenegro?,Podgorica,Podgorica is the capital and largest city of Montenegro. Located in a plain surrounded by mountains it is Montenegro's political cultural and economic center.
What is the Internet of Things?,Network of physical devices connected to the internet,The Internet of Things describes physical objects embedded with sensors software and other technologies for the purpose of connecting and exchanging data with other devices and systems over the internet.
Who wrote The Tin Drum?,Gunter Grass,The Tin Drum is a novel by German author Gunter Grass published in 1959. It tells the story of Oskar Matzerath who decides at age three to stop growing and witnesses the rise of Nazism in Danzig.
What is the capital of North Macedonia?,Skopje,Skopje is the capital and largest city of North Macedonia. Located in the northern part of the country it is the country's political economic and cultural center.
What is machine vision?,Technology enabling computers to interpret visual data,Machine vision is the technology and methods used to provide imaging-based automatic inspection and analysis for applications such as automatic inspection quality control and robot guidance in industry.
Who wrote The Naked and the Dead?,Norman Mailer,The Naked and the Dead is a novel by Norman Mailer published in 1948. It is based on his experiences in World War II and follows a platoon of American soldiers fighting in the Pacific Theater.
What is the capital of Albania?,Tirana,Tirana is the capital and largest city of Albania. Located in the center of Albania it is the country's political economic and cultural hub.
What is augmented reality?,Technology overlaying digital information on the real world,Augmented reality is an interactive experience of a real-world environment where the objects in the real world are enhanced by computer-generated perceptual information. It overlays digital content on the physical world.
Who wrote The Fountainhead?,Ayn Rand,The Fountainhead is a novel by Ayn Rand published in 1943. It introduces Rand's philosophy of objectivism through Howard Roark an individualistic architect who refuses to compromise his artistic vision.
What is the capital of Bosnia and Herzegovina?,Sarajevo,Sarajevo is the capital and largest city of Bosnia and Herzegovina. Located in the Sarajevo valley surrounded by the Dinaric Alps it was the site of the 1984 Winter Olympics and where WWI began.
What is quantum computing?,Computing using quantum mechanical phenomena to perform operations,Quantum computing is the exploitation of collective properties of quantum states such as superposition and entanglement to perform computations. Quantum computers can solve certain problems much faster than classical computers.
Who wrote Henderson the Rain King?,Saul Bellow,Henderson the Rain King is a novel by Saul Bellow published in 1959. It follows Eugene Henderson a rich eccentric American who travels to Africa seeking spiritual fulfillment.
What is the capital of Moldova?,Chisinau,Chisinau is the capital and largest city of Moldova. Located in the center of the country on the Bic river it is Moldova's political economic and cultural center.
What is epigenetics?,Study of heritable changes in gene expression not involving DNA sequence changes,Epigenetics is the study of heritable changes in gene expression that do not involve alterations to the underlying DNA sequence. These changes can be caused by environmental factors and can persist across generations.
Who wrote The Maltese Falcon?,Dashiell Hammett,The Maltese Falcon is a detective novel by Dashiell Hammett published in 1930. It introduced the hardboiled detective Sam Spade who investigates the murder of his partner and a valuable statuette.
What is the capital of Belarus?,Minsk,Minsk is the capital and largest city of Belarus. Located along the Svislach and Nyamiha rivers it is the country's political cultural and economic center.
What is CRISPR base editing?,Technique to change single DNA letters without cutting the double helix,Base editing is a newer gene editing technique that uses modified CRISPR components to make precise single-letter changes in DNA without making double-strand breaks. It is more precise than standard CRISPR-Cas9.
Who wrote The Big Sleep?,Raymond Chandler,The Big Sleep is a hardboiled crime novel by Raymond Chandler published in 1939. It introduced the character of private investigator Philip Marlowe who becomes involved in a complex murder case in Los Angeles.
What is the capital of Georgia the country?,Tbilisi,Tbilisi is the capital and largest city of Georgia. Located on the banks of the Kura river it is Georgia's political economic educational and cultural center with a history spanning 1500 years.
What is a supernova?,Stellar explosion that occurs at the end of a massive star's life,A supernova is a powerful and luminous stellar explosion that occurs at the end of a massive star's life. It can briefly outshine entire galaxies and release more energy than our sun will in its entire lifetime.
Who wrote A Tale of Two Cities?,Charles Dickens,A Tale of Two Cities is a historical novel by Charles Dickens published in 1859. Set in London and Paris before and during the French Revolution it follows characters from both cities during this turbulent period.
What is the capital of Armenia?,Yerevan,Yerevan is the capital and largest city of Armenia. It is one of the world's oldest continuously inhabited cities with a history dating back to the 8th century BC.
What is neuroplasticity?,Brain's ability to reorganize itself by forming new neural connections,Neuroplasticity is the ability of the brain to reorganize itself by forming new neural connections throughout life. It allows the neurons in the brain to compensate for injury and adjust their activities in response to new situations.
Who wrote Humboldt's Gift?,Saul Bellow,Humboldt's Gift is a novel by Saul Bellow published in 1975. It is a fictionalized memoir about the friendship between narrator Charlie Citrine and his deceased mentor Von Humboldt Fleisher.
What is the capital of Azerbaijan?,Baku,Baku is the capital and largest city of Azerbaijan. Located on the Absheron Peninsula on the Caspian Sea it is the country's political industrial and cultural center.
What is the microbiome?,Community of microorganisms living in or on the human body,The human microbiome is the collection of all the microorganisms living in association with the human body. These communities consist of bacteria viruses fungi and other microbes that exist in the gut skin and elsewhere.
Who wrote Their Eyes Were Watching God?,Zora Neale Hurston,Their Eyes Were Watching God is a novel by Zora Neale Hurston published in 1937. It tells the story of Janie Crawford an African American woman in the early 20th century South searching for love and identity.
What is the capital of Uzbekistan?,Tashkent,Tashkent is the capital and largest city of Uzbekistan. Located in the northeastern part of the country it is one of the oldest cities in Central Asia and an important cultural and economic hub.
What is proteomics?,Large-scale study of proteins,Proteomics is the large-scale study of proteomes. A proteome is an entire complement of proteins including the modifications made to a particular set of proteins produced by an organism. It helps understand biological processes.
Who wrote The Adventures of Augie March?,Saul Bellow,The Adventures of Augie March is a novel by Saul Bellow published in 1953. It follows Augie March a young man from Chicago who has a variety of picaresque adventures across America and Europe.
What is the capital of Kazakhstan?,Astana,Astana is the capital of Kazakhstan. It was renamed from Nur-Sultan in 2022 having previously been called Astana from 1998 to 2019. It is a planned city that became the capital in 1997.
What is the standard model of particle physics?,Theory describing fundamental particles and forces,The Standard Model of particle physics is the theory describing three of the four known fundamental forces and classifying all known elementary particles. It was developed throughout the latter half of the 20th century.
Who wrote The Adventures of Tom Sawyer?,Mark Twain,The Adventures of Tom Sawyer is a novel by Mark Twain published in 1876. Set in the fictional town of St Petersburg Missouri it follows Tom Sawyer and his friends Huckleberry Finn and Becky Thatcher.
What is the capital of Kyrgyzstan?,Bishkek,Bishkek is the capital and largest city of Kyrgyzstan. Located in the northern part of the country it is Kyrgyzstan's political economic and cultural center.
What is CERN?,European organization for nuclear research operating the world's largest particle physics laboratory,CERN is the European Organization for Nuclear Research located near Geneva Switzerland. It operates the world's largest particle physics laboratory and is where the World Wide Web was invented by Tim Berners-Lee.
Who wrote The Magnificent Ambersons?,Booth Tarkington,The Magnificent Ambersons is a novel by Booth Tarkington published in 1918. It tells the story of the decline of an aristocratic Midwestern family in the early 20th century as the automobile age begins.
What is the capital of Tajikistan?,Dushanbe,Dushanbe is the capital and largest city of Tajikistan. Located in the western part of the country it is Tajikistan's political economic and cultural center.
What is herd immunity?,When enough of a population becomes immune to a disease,Herd immunity occurs when a sufficient proportion of a population has become immune to an infection thereby reducing the likelihood of infection for individuals who lack immunity.
Who wrote To the Lighthouse?,Virginia Woolf,To the Lighthouse is a novel by Virginia Woolf published in 1927. Set on the Isle of Skye in Scotland it centers on the Ramsay family's visits to their summer home and their desire to visit a nearby lighthouse.
What is the capital of Turkmenistan?,Ashgabat,Ashgabat is the capital and largest city of Turkmenistan. Located in a desert oasis near the Iranian border it is known for its extravagant marble architecture and golden statues.
What is epigenomics?,Study of complete set of epigenetic modifications on genetic material,Epigenomics is the study of the complete set of epigenetic modifications on the genetic material of a cell known as the epigenome. It examines how environmental influences can change gene expression patterns.
Who wrote Mrs Dalloway?,Virginia Woolf,Mrs Dalloway is a novel by Virginia Woolf published in 1925. It details a day in the life of Clarissa Dalloway a fictional upper-class woman in post-World War I England as she prepares for a party.
What is the capital of Mongolia?,Ulaanbaatar,Ulaanbaatar is the capital and largest city of Mongolia. Located in north central Mongolia it is the coldest capital city in the world by average temperature.
What is precision medicine?,Medical approach tailoring treatment to individual patients,Precision medicine is an emerging approach for disease treatment and prevention that takes into account individual variability in genes environment and lifestyle for each person.
Who wrote The Waves?,Virginia Woolf,The Waves is a novel by Virginia Woolf published in 1931. It is considered her most experimental work consisting of interior monologues spoken by six characters tracking their lives from childhood to old age.
What is the capital of Cambodia?,Phnom Penh,Phnom Penh is the capital and largest city of Cambodia. Located at the confluence of three rivers the Mekong Bassac and Tonle Sap it has been the national capital since the French colonization period.
What is proteogenomics?,Combined analysis of proteomics and genomics data,Proteogenomics is an area of research at the intersection of proteomics and genomics. It uses proteomics data to improve genome annotation and uses genome sequence data to help identify proteins.
Who wrote Gone with the Wind?,Margaret Mitchell,Gone with the Wind is a novel by Margaret Mitchell published in 1936. Set during the American Civil War and Reconstruction era it follows the life of Scarlett O'Hara a Southern belle in Georgia.
What is the capital of Laos?,Vientiane,Vientiane is the capital and largest city of Laos. Located on a bend of the Mekong River bordering Thailand it is the country's political economic and cultural center.
What is functional genomics?,Study of how genes and intergenic regions contribute to phenotype,Functional genomics is a field of molecular biology that attempts to describe gene functions and interactions. It uses genome-wide approaches to understand gene expression and protein function.
Who wrote The Power and the Glory?,Graham Greene,The Power and the Glory is a novel by Graham Greene published in 1940. Set in Mexico during a period of religious persecution it follows a whisky priest who is on the run from authorities.
What is the capital of Myanmar?,Naypyidaw,Naypyidaw is the capital city of Myanmar. It was purpose-built as a new capital city and construction began in 2002 with the government relocating there in 2005. It replaced Yangon as the capital.
What is metabolomics?,Study of chemical processes involving metabolites,Metabolomics is the scientific study of chemical processes involving metabolites the small molecule intermediates and products of metabolism. It provides a snapshot of the physiology of the cell.
Who wrote Native Son?,Richard Wright,Native Son is a novel by American author Richard Wright published in 1940. It tells the story of Bigger Thomas a young black man living in the South Side of Chicago who accidentally kills a white woman.
What is the capital of Nepal?,Kathmandu,Kathmandu is the capital and largest city of Nepal. Located in the Bagmati Province at an elevation of approximately 1400 meters it is the country's political economic and cultural center.
What is the virome?,Complete collection of viruses in and on an organism,The virome is the collection of all viruses that are found in and on an organism. In humans the virome includes viruses that infect our cells as well as viruses that infect bacteria living in us.
Who wrote The Sound and the Fury?,William Faulkner,The Sound and the Fury is a novel by William Faulkner published in 1929. It uses multiple narratives and complex time shifts to tell the story of the Compson family in Mississippi's South.
What is the capital of Sri Lanka?,Colombo,Colombo is the largest city and commercial capital of Sri Lanka. Sri Lanka has two official capitals with Sri Jayawardenepura Kotte being the legislative capital. Colombo serves as the executive and judicial center.
What is the exposome?,Total measure of all environmental exposures across a lifetime,The exposome is a measure of all the exposures of an individual in a lifetime and how those exposures relate to health. It encompasses exposure to diet water air occupation and lifestyle factors.
Who wrote Portnoy's Complaint?,Philip Roth,Portnoy's Complaint is a novel by Philip Roth published in 1969. It is a monologue delivered by Alexander Portnoy to his psychiatrist about his Jewish upbringing and his frustrated sexuality.
What is the capital of Bangladesh?,Dhaka,Dhaka is the capital and largest city of Bangladesh. Located in central Bangladesh on the eastern banks of the Buriganga River it is one of the most densely populated cities in the world.
What is synthetic biology?,Engineering of biological systems for new purposes,Synthetic biology is a multidisciplinary area of research that seeks to create new biological parts devices and systems that do not naturally exist or to redesign existing natural biological systems for useful purposes.
Who wrote The Brothers Karamazov?,Fyodor Dostoevsky,The Brothers Karamazov is the final novel by Fyodor Dostoevsky published in 1879-1880. It explores the spiritual ethical and philosophical debates around God existence and morality through the Karamazov family drama.
What is the capital of Pakistan?,Islamabad,Islamabad is the capital of Pakistan. Unlike most countries capitals the capital of Pakistan is not its most populous city. Islamabad was purpose-built as a new capital in the 1960s replacing Karachi.
What is bioprinting?,3D printing using biological materials to create tissue or organs,Bioprinting is a 3D bioprinting technology that uses bioinks which are materials made from living cells to produce living tissue such as blood vessels or potentially whole organs for medical applications.
Who wrote As I Lay Dying?,William Faulkner,As I Lay Dying is a novel by William Faulkner published in 1930. It is told through 59 chapters narrated by 15 different characters and follows the death of Addie Bundren and her family's journey to bury her.
What is the capital of Nigeria?,Abuja,Abuja is the capital city of Nigeria. It was purpose-built as the new capital to replace Lagos in 1991. Located in the center of Nigeria it was chosen for its central location and neutral political status.
What is the microbiome-gut-brain axis?,Communication network between gut microbiota and brain,The gut-brain axis is the bidirectional communication network between the central nervous system and the enteric nervous system of the gastrointestinal tract. The microbiome plays an important role in this communication.
Who wrote Ulysses?,James Joyce,Ulysses is a modernist novel by Irish writer James Joyce published in 1922. It follows Leopold Bloom through Dublin on a single day June 16 1904 with references to Homer's Odyssey. It is known for its stream-of-consciousness technique.
What is the capital of Ghana?,Accra,Accra is the capital and largest city of Ghana. Located on the Gulf of Guinea in southeastern Ghana it is the country's political industrial and cultural center.
What is the RNA world hypothesis?,Theory that RNA preceded DNA and proteins in early life,The RNA world hypothesis proposes that early life used RNA to store genetic information and catalyze chemical reactions before the evolution of DNA and proteins. RNA can both store information and catalyze reactions.
Who wrote Song of Solomon?,Toni Morrison,Song of Solomon is a novel by Toni Morrison published in 1977. It tells the story of Macon Dead III nicknamed Milkman as he searches for his cultural identity and heritage in America.
What is the capital of Morocco?,Rabat,Rabat is the capital of Morocco. Located on the Atlantic Ocean at the mouth of the Bou Regreg river it serves as Morocco's administrative and political center while Casablanca is the economic center.
What is optogenetics?,Technique using light to control neurons,Optogenetics is a biological technique that involves the use of light to control neurons that have been genetically modified to express light-sensitive ion channels. It is used to study neural circuits and brain function.
Who wrote Invisible Man?,Ralph Ellison,Invisible Man is a novel by Ralph Ellison published in 1952. It follows an unnamed African American man who believes he is socially invisible to people around him due to his race. The novel won the National Book Award.
What is the capital of Algeria?,Algiers,Algiers is the capital and largest city of Algeria. Located on a bay of the Mediterranean Sea it is the country's political economic and cultural hub.
What is CRISPR prime editing?,Precise gene editing writing new genetic information without DNA breaks,Prime editing is a gene editing technology described as a search and replace tool for the genome. It uses a modified CRISPR-Cas9 protein and a reverse transcriptase to make precise edits without making double-strand DNA cuts.
Who wrote The Picture of Dorian Gray?,Oscar Wilde,The Picture of Dorian Gray is the only novel by Irish writer Oscar Wilde published in 1890. It tells the story of a young man whose portrait ages while he remains young and whose moral corruption eventually destroys him.
What is the capital of Ethiopia?,Addis Ababa,Addis Ababa is the capital and largest city of Ethiopia. Located at the heart of Africa at an altitude of 2355 meters it is the seat of the African Union and headquarters of many international organizations.
What is theranostics?,Combined therapeutic and diagnostic approach in medicine,Theranostics is a treatment strategy that combines therapeutics and diagnostics in a single agent. It is particularly used in cancer treatment where a drug can both image tumor locations and deliver therapy.
Who wrote David Copperfield?,Charles Dickens,David Copperfield is a novel by Charles Dickens published in 1850. It is Dickens's favorite of his own novels and is partly autobiographical. It tells the life story of David Copperfield from childhood to maturity.
What is the capital of Tanzania?,Dodoma,Dodoma is the capital of Tanzania. It replaced Dar es Salaam as the official capital in 1996 though Dar es Salaam remains the largest city and commercial center of Tanzania.
What is liquid biopsy?,Non-invasive cancer diagnosis using blood samples,A liquid biopsy is a test done on a sample of blood to look for cancer cells from a tumor that are circulating in the blood or for pieces of DNA from tumor cells that are in the blood. It provides a non-invasive diagnostic option.
Who wrote Wuthering Heights?,Emily Bronte,Wuthering Heights is Emily Bronte's only novel published in 1847. Set on the Yorkshire moors it tells the story of the passionate and doomed relationship between Catherine Earnshaw and Heathcliff an orphan adopted by her father.
What is the capital of Kenya?,Nairobi,Nairobi is the capital and largest city of Kenya. Located in south-central Kenya it is the country's political economic and cultural center and serves as a hub for East Africa.
What is organ-on-a-chip?,Microfluidic device containing living cells mimicking organ function,An organ-on-a-chip is a multi-channel 3D microfluidic cell culture chip that simulates the activities mechanics and physiological response of entire organs. It is used to test drugs without animal testing.
Who wrote The Hobbit?,J.R.R. Tolkien,The Hobbit is a children's fantasy novel by J.R.R. Tolkien published in 1937. It follows hobbit Bilbo Baggins who goes on an unexpected journey with wizard Gandalf and a company of dwarves to reclaim a dwarf kingdom.
What is the capital of Mozambique?,Maputo,Maputo is the capital and largest city of Mozambique. Located in the southern part of the country on Maputo Bay it is Mozambique's political economic and cultural center.
What is transcriptomics?,Study of complete set of RNA transcripts,Transcriptomics is the study of the transcriptome which is the complete set of RNA transcripts produced by the genome under specific circumstances. It reveals what genes are being expressed in a cell at any given time.
Who wrote The Fountainhead?,Ayn Rand,The Fountainhead is a novel by Ayn Rand published in 1943. It presents Rand's philosophy of objectivism through Howard Roark a modernist architect who refuses to compromise his vision and battles a collectivist society.
What is the capital of Zambia?,Lusaka,Lusaka is the capital and largest city of Zambia. Located in the southern part of the country on a plateau at around 1300 meters elevation it is Zambia's political economic and cultural center.
What is the connectome?,Complete map of neural connections in a brain,The connectome is a comprehensive map of neural connections in the brain. Mapping the human connectome is one of the major goals of modern neuroscience and could help understand consciousness and neurological disorders.
Who wrote The Master and Margarita?,Mikhail Bulgakov,The Master and Margarita is a novel by Russian author Mikhail Bulgakov written between 1930 and 1940 but published posthumously in 1966. It interweaves two stories one set in Moscow and one in ancient Jerusalem.
What is the capital of Zimbabwe?,Harare,Harare is the capital and largest city of Zimbabwe. Located in the northeastern part of the country it is Zimbabwe's political economic and cultural center.
What is a organoid?,Miniature organ grown in laboratory from stem cells,An organoid is a miniaturized and simplified version of an organ produced in vitro in three dimensions that shows realistic micro-anatomy. Organoids are grown from stem cells and used for disease modeling and drug testing.
Who wrote The Name of the Rose?,Umberto Eco,The Name of the Rose is a historical murder mystery by Italian author Umberto Eco published in 1980. Set in an Italian monastery in 1327 it follows a Franciscan friar investigating mysterious deaths.
What is the capital of Botswana?,Gaborone,Gaborone is the capital and largest city of Botswana. Located in the southeastern corner of the country near the South African border it serves as Botswana's political economic and educational center.
What is spatial transcriptomics?,Technique mapping gene expression in tissue sections,Spatial transcriptomics is a genomics technology that allows visualization of gene expression patterns within tissue sections while preserving spatial information about where in the tissue genes are expressed.
Who wrote The Plague?,Albert Camus,The Plague is a novel by Albert Camus published in 1947. Set in the Algerian city of Oran during a plague outbreak it follows characters who must deal with the epidemic and its consequences.
What is the capital of Namibia?,Windhoek,Windhoek is the capital and largest city of Namibia. Located in the center of Namibia on a plateau at 1700 meters elevation it is Namibia's political economic and cultural center.
What is the multiverse?,Hypothetical collection of multiple universes,The multiverse is a hypothetical group of multiple universes. Together these universes comprise everything that exists the entirety of space time matter energy information and the physical laws.
Who wrote Midnight in the Garden of Good and Evil?,John Berendt,Midnight in the Garden of Good and Evil is a nonfiction novel by John Berendt published in 1994. It tells the story of a murder trial in Savannah Georgia through the author's personal observations.
What is the capital of Rwanda?,Kigali,Kigali is the capital and largest city of Rwanda. Located in the center of the country it is Rwanda's political economic and financial center. It was the site of major atrocities during the 1994 genocide.
What is the anthropic principle?,Observation that the universe must be compatible with conscious life,The anthropic principle states that observations of the universe must be compatible with the conscious and sapient life that observes it. It is used to explain why the universe has properties that seem fine-tuned for life.
Who wrote Things Fall Apart?,Chinua Achebe,Things Fall Apart is a novel by Nigerian author Chinua Achebe published in 1958. It tells the story of Okonkwo a leader and local wrestling champion in Umuofia a fictional collection of nine villages in Nigeria.
What is the capital of Uganda?,Kampala,Kampala is the capital and largest city of Uganda. Located on the northern shore of Lake Victoria it is Uganda's political economic and cultural center.
What is a gene network?,System of genes interacting to control biological processes,A gene regulatory network is a collection of molecular regulators that interact with each other and with other substances in the cell to govern the gene expression levels of mRNA and proteins.
Who wrote Season of Migration to the North?,Tayeb Salih,Season of Migration to the North is a novel by Sudanese author Tayeb Salih published in 1966. It tells the story of a young Sudanese man who returns home after studying in England and meets the mysterious Mustafa Sa'eed.
What is the capital of Senegal?,Dakar,Dakar is the capital and largest city of Senegal. Located on the Cape Verde Peninsula on the Atlantic coast it is Senegal's political economic and cultural center.
What is optoproteomics?,Study of protein interaction using light-based techniques,Optoproteomics uses light-based technologies like FRET and optogenetics combined with proteomics approaches to study protein interactions and functions in living cells with high spatial and temporal resolution.
Who wrote The Cairo Trilogy?,Naguib Mahfouz,The Cairo Trilogy is a series of three novels by Egyptian author Naguib Mahfouz published between 1956 and 1957. It follows three generations of a Cairo family through Egyptian history from WWI to the 1952 revolution.
What is the capital of Cameroon?,Yaounde,Yaounde is the capital of Cameroon. While Douala is the largest city and economic capital Yaounde serves as the political and administrative capital of Cameroon.
What is the exposome-genome interaction?,How environmental exposures modify genetic expression,The exposome-genome interaction refers to how environmental exposures throughout a person's life modify gene expression and can alter disease risk. This interaction helps explain complex diseases not fully explained by genetics alone.
Who wrote The Famished Road?,Ben Okri,The Famished Road is a novel by Nigerian author Ben Okri published in 1991. It tells the story of Azaro a spirit child who chooses to stay in the world of the living in Nigeria during a period of political change.
What is the capital of Ivory Coast?,Yamoussoukro,Yamoussoukro is the official capital of Ivory Coast. However Abidjan is the administrative capital and the country's largest city and economic center. Yamoussoukro is known for the Basilica of Our Lady of Peace.
What is thermodynamics?,Branch of physics studying heat energy and temperature,Thermodynamics is the branch of physics that deals with heat work temperature and energy. The laws of thermodynamics define physical quantities such as temperature energy and entropy that characterize thermodynamic systems.
Who wrote The Alexandria Quartet?,Lawrence Durrell,The Alexandria Quartet is a tetralogy of novels by British author Lawrence Durrell published between 1957 and 1960. Set in Alexandria Egypt before and during World War II the four novels tell the same story from different perspectives.
What is the capital of Angola?,Luanda,Luanda is the capital and largest city of Angola. Located on the Atlantic coast it is Angola's political economic and cultural center and one of Africa's most populous cities.
What is the Turing test?,Test of machine intelligence where machine must pass as human in conversation,The Turing test is a test of a machine's ability to exhibit intelligent behavior equivalent to or indistinguishable from that of a human. It was proposed by Alan Turing in 1950 in his paper Computing Machinery and Intelligence.
Who wrote Under the Volcano?,Malcolm Lowry,Under the Volcano is a novel by British author Malcolm Lowry published in 1947. Set on the Day of the Dead in 1938 in Mexico it follows Geoffrey Firmin an alcoholic British consul on his last day alive.
What is the capital of Zambia?,Lusaka,Lusaka is the capital and largest city of Zambia. Located in the south-central plateau region of the country at about 1300 meters elevation it serves as Zambia's administrative commercial and financial hub.
What is the observer effect in quantum mechanics?,Observing a quantum system disturbs it,The observer effect in quantum mechanics is the theory that the act of observing a particle changes its state. In quantum mechanics this is related to the measurement problem which is the collapse of the wave function upon measurement.
Who wrote Pedro Páramo?,Juan Rulfo,Pedro Paramo is a novel by Mexican author Juan Rulfo published in 1955. It tells the story of Juan Preciado who travels to Comala looking for his father Pedro Paramo and finds a ghost town. It influenced magical realism.
What is the capital of Sudan?,Khartoum,Khartoum is the capital of Sudan. Located at the confluence of the Blue and White Nile rivers it is Sudan's political and administrative center. It is connected to Omdurman and North Khartoum across the rivers.
What is lateral gene transfer?,Transfer of genetic material between organisms other than by vertical inheritance,Lateral gene transfer also called horizontal gene transfer is the transmission of DNA between different organisms other than from parent to offspring. It is common among bacteria and plays a role in antibiotic resistance.
Who wrote The Tin Drum?,Gunter Grass,The Tin Drum is a novel by German author Gunter Grass published in 1959. It is narrated by Oskar Matzerath who decides to stop growing at age three and observes the rise of Nazism while banging on a tin drum.
What is the capital of Mali?,Bamako,Bamako is the capital and largest city of Mali. Located on the Niger River in the southwestern part of the country it is Mali's political economic and cultural center.